Username,Name
Hawkeseye72,Mark Hawkes
AmitKum12462502,Amit Kumar
FunkRay2,Ranli
Pololascience13,Pololascience
DoyleGermaine,G.A.D
kidoferebus,Vraj Patel
BobAfrica711,bonginkosi ğŸ¦¸
NorburyHigh,Norbury High School for Girls
WarrenBancroft3,Warren Bancroft
gavinb_finance,Gavin S Brown
disco316,Darrell
Basically101,Olayiwola Ayotunde
kha171101,khaki
gampala_nadh,Gopi nadh Gampala
036yamo,yamamato trismegistus
rasheedIIyu,Yusuf Rasheed II
youngbio06,KG
AntoineSakah,Sakah Antoine
KamisoZarif,z
SBiggs79151856,S Biggs
WengMoon1,Weng Moon
EddyHong17,Griffin
gammaflip,Gamma Flip
micks1984,Miguel Martinez
Giusepp99996616,Zupes
TYPHAON_VALGARD,ANDROMEDA
68021865X,H
ItsGintaras,Gintaras Lapinskas
daniel_rik,Rik Daniel
zkryyyy10,Ø²ÙƒØ±ÙŠØ§ ÙŠØ­ÙŠÙ‰
LinaKim62089954,Lina Kim
Chop1980,Chris Paul
DRA95609462,DR A
zia_hamdani,Syed Zia Hamdani
losssssssse,Calm
KEmma28,Emmanuel
MackenzieFiddl2,Mackenzie Fiddler
BinaryGreyWolf,Varg
Goraja4,Goraja
twittkasun,Kasun ShameerağŸ‘¤
britke,Brit
RakSamplay,Rak
Jennife70937515,Jennifer Schell
Ismailsalehgw,Ismail Saleh
GGOPmKGffcOLZ8C,ã‚µãƒãƒ©ãƒ³ã®ç”¥ã§ã™ã€‚ã€€ä¼Šå‹¢æ¿
Pete08686542,Pete
gogogothu,Qingying Chen
Welling69823402,Wellington Luiz Dos Santos Gomes
JFDumont6,JF Dumont
WLW95017796,WLW
gingerbarstud,Ginger ğŸ´ó §ó ¢ó ¥ó ®ó §ó ¿
Viraj1101,Viraj Thavin
findercomUK,Finder UK
USPDX,PDXflying
angelagnello21,Angelica
agbala_c,Chimezie S.A
jordanj15407124,jordan johnson
HolyKanolie,Rich
decastro_bookie,D'CASTRO horse racing tipster
Leonardo_dVc,Dinangwe
Hurricanechange,The Wind
SaeedAsadMr,Asad Saeed
_Michaelphantom,Michael
CryptoROD52,Ryan O'Donnell
gimtaeseob12,ê¹€íƒœì„­
RobinsomWolskam,ROBINSOM_WOLSKAM
Susanna1994423,Susanna
Riccard25538858,Riccardo
Hussain09285554,Hussain Abid
JamesMcc10,James McCormick
GlennNorthcott1,Glenn Northcott. ==
isaackgithinji1,isaac with a K âœŒï¸
prav_virdi,Prav Virdi
wdgiven,Dan Given
dltdact,User portal
Billy05840513,Bill59800
RODOLPHOSILVA91,RODOLPHO SILVA
gentianahalimi,Gentiana Halimi
AlessiaMilar,Alessia Milar
andreucf6,Andreucf6
GiangVHoang2x,Giang VÅ© HoÃ ng
1Mrfed,Mr.Fed
Brad00759339,Brad
CodeNameHOSEY,CodeNameHOSEY
Trichom1,Trichom
OnG2KCl,ckagz
daviddiamgroot,David Degroot
RizanAldali,Crypto XD
NuBranchGroup,Group
ScottDay22,Scott Day
KrataTomasz,Tomasz Krata
75023716KING,Levi K
marketerfojlay,MD. Fojlay Rabby
M6M112233,M.47
wiriya_ceriy,à¸­à¸ à¸´à¸ªà¸´à¸—à¸˜à¸´à¹Œ à¹€à¸ˆà¸£à¸´à¸à¸§à¸´à¸£à¸´à¸¢à¸°à¸ à¸²à¸
RobPrit66356377,Rob Pritchard
Ocean_Criminel,ClimateCriminel
JohnnyLaiStone,Johnny Lai Stone
battery_licker,this site dies today ğŸ€
munisheak,Munish
Hamzah_Nordin,Hamzah Nordin
hasekyu,ã¯ã›ãŒã‚
RajibIs66143035,Rajib Islam
oduperry,Odile Duperry
cinekalperen,Alperen
ArthurM24961705,Arthur Morgan
baccodough,bacco
infrdgr_rudiger,Rudiger
GassalascaJape,Bacchus
Chris_P_Fleitas,Christian PÃ©rez Fleitas
Phi1m0z,Philip Morris
WhiskeyTangocc,JP
carllittlewood2,carl littlewood
nunoamts98,Nuno Sousa
nazimmalik1,Nazim Altaf
deeed28,DD28
aoseimensah,Alex Osei Mensah
UJAMAAOG,Tago mjamaa
anup_rajderkar,Anup Rajderkar
CottMarkLLC,Cottingham Marketing LLC
BecerraLeiner,Leiner Becerra
MunishK50881732,Munish Kumar
AlexNicholy,alexander nicholas
evon_clw,Evon Chew
Tranny_Tyranny,Mask*of*The*Beast
Cryptowealth15,Cryptowealth 2022
Tweeterdetweet5,Tweeterdetweet
AmnaHume,Amna Hume
CamiReyes92,Camilo Reyes
Lettuce4Mama,Lettuce4Mama
ongjmnathan,Nathan Ong
scousekev74,Scousekev74
loveyspace,david.lovey@gmail.com
tebh2700,TEJAS BHIKE
happydelio,Delio | Web3.Crypto
lifeofjamieudo,Jamie
sbs_sqq,sadu
jackal_karl,KY
AnjousAaron,Aaron Chris Anjous
Enock036,nÒ‰oÒ‰mÒ‰aÒ‰dÒ‰
coo_gloria,Gloria coo
IshaniChurch,Ishani Church
bernardob90,Bernardo Barajas
exp_jx,exp_jx
BABA_YAGA106106,BABAYAGA
SelfDevelooment,Kwame
AlanBadoev9,Alan Badoev
NavRoudsari,Nav ğŸŒ±
iskender_tanci,Iskender Tan
academiadebolsa,Academia de Bolsa
humbled_trading,Victoraddinia
domjheath,Dominic Heath
PanuwatNu91,Panuwat
salwandulaimy,Salwan Dulaimy
surean_thapa,'à¤…à¤²à¥à¤Ÿà¤°' Boy
flourri,Flourri
alvaroarmy,Alvaro Castillo
dferris1961,Dan Ferris
PwhAssoc,Peter Hedley
Rupesh78259105,Rupesh
tony54587151,tony æ½˜
Kelseygra_,Kelsey Grammer
ShortwaveWorld,Marc Abbiss
topherdohl,Topher
vaalvar,ValeriaA.
MRMRABBAS,MIchael Abbas
MrMarkoanto,marco antonio
trinhbaHieu2,Hieutrinh89
L1812T,Laurent Tambwe
julzthevoice,juliank.eth
DingFardon,Ding
BaatakaWeb3,ã°ãƒ¼ãŸã‹Web3ã‚ªã‚¸ã‚µãƒ³
KassimKizinga,Kassim Mtakayo Kizinga
NaveedAfridi81,Naveed Afridi
SolOd1n,marius bleyer
sarmadalbyate1,Ø³Ø±Ù…Ø¯ ÙƒØ§Ø¸Ù… Ø§Ù„Ø¨ÙŠØ§ØªÙŠ
GoodmanJonathan,Dude
GerardiniSimone,Muad'Dib
jk98980,Jamal Khan
Nunofb86,Nuno Blanc
fikret_5200,fatih fikret kulaksiz
abdulla70421643,abdullah
shegzy04171650,Olushegzy
BitcoinSenior,Bitcoin Senior
clivechilcott,Clive Chilcott
stainnedglass,Stainned Glass Masquarade
kris_hamer,Kris Hamer
MjilaSimamkele,Simamkele Mjila
godiswithandrew,Sure
mo_mohlon,Mohamad mohamad
vipsweetslondon,Helen Gordon
XrptheStandard_,XRPtheStandard
cogitoergosumok,David
munawaranjumt,munawaranjumt
WxcHarry,Harry
hvll0491,Hernan Villarreal
RubenPerezEC,RUBÃ‰N PÃ‰REZ
JMouhaimin,Mouhaimin Jlaili
oraegbuna_ejike,Oraegbuna Ejike
cesc_morgan,MorganCesc
Ranger__22,johno
HighTideCorp,HighTideConsultingCorp
Drmansor141,Mansour14
denisangarano,Denis Angarano
mrehmansoomro,Mehboob-ur-Rehman
chdidio,Cryptian freedive
g_dashdelger,dashdelger gantsetseg
mel84283980,mel
GeorgeFisher1_,George Fisher
IYammout,ibrahim yammout
altctrltwt,db.
sumeonfriday,Stewart Friday
JJMGBet,Jacopo Bettonte
SachTrivedi,Sach Trivedi
aristarichusK,aristarichus.kuria
Erik_OC,Erik Covarrubias
Abhayla21,Abel Assefa
FetchTennis,jbtennis
mitti5350,Amit Saini
JanithManarang1,Janith Manaranga
Gdpcapita,The Only Angela Ward
hosamzakariy,â˜Ø­Ø³Ø§Ù… Ø²ÙƒØ±ÙŠØ§ Ø´Ø¹Ø¨Ø§Ù†â˜
lunamortgages,Ayla Unal
Wilko700,Oliver Wilkinson
RevolutionXw51,ç‰ç¹èŠ±å´ç…œ
m_alareimi,mo al
SZaharaey,ed Zaharaey
Sunny_Motilal,SUHANA SINGHAL
Ste13902524,moneymotivates
AmberlyGwin9,Amberly Gwin
ThanushP5,Thanush P
mabubakarseo,Muhammad Abubakar
dsaulon905,darwin saulon
Smartle,Lisa Hartle
liraz_lufan,Liraz Lufan
okezie_nkoro,okezie sylvanus nkoro
sebustamanteb,Sebitaaaah
J65623995,J
butterflystarzz,butterflystar
ibrahim26551560,ibrahim demirtepe
S__Aleksandr,Aleksandr
MewllerRobert,Robert Mewller
TT_BAAR,TT
AliburgosA,Aliburgos . MAX BITCOIN.. ğŸ”‘â‚¿âš¡ï¸
Sufaidayaz,Sufaid Ayaz
ClaudemyTriumph,Jean Claudemy TRIBOUCE
Adam92388132,Adam
hello2newworld,RETWEETER $0.00005
nthusharon,Sharon
sallycopper,S.C.
fahrenheit179,Fahrenheit
thatmwendwa,Trevor Mwendwa
JaytheRed,Jay Mc
TheEvilRooster,N4thğŠ€n
VodooVince,Vincent Aidnik
LediSabba,Ledi
MoiseLufuluabo,Moise LUFULUABO
digitalfmi,digitalfmi
TimingSolar,Solar Timing
ChloeTaysom,Chloe Taysom
ChrisWeatherhog,FXTrader
Ainevictor6,Aine Victor Nkrumah
so_scol,_scol_
jalloh_kb,MAHMOUD KB JALLOH
Ajay_singh79,Ajay singh
DaMan3968,"DaMan (ğŸ’™,ğŸ§¡)"
tayyabcma1,Dewana_Khan_ka
Johnson19849972,VEJODcomeliness
SanjibS30291441,Sanjib Sharma
aizelayam,Augusto Zelaya MÃ©ndez
jayhchow,Jordan Chow
d4tis_,Daniel Fortis
rostrows,Ryan Ostrowski
JohnKasonde12,the kappa creek
DuaneKyper,Duane Kyper
_OJLA_,CHRISTOPHER_OJLA
Hacieminzade,HacÄ± Eminzade
XRPsean,$Â£@N
sandipteli1991,sandip teli
CryptoInsano,Canadian Crypto Crusader
INFINITY101001,&INFINITY
TutuRalogaivau,Ratu Tutu Ralogaivau
outofthistimeli,El Acuariano mÃ¡s inestable
DOCroady,sergio tompkins
CristyGutierre5,Cristy Gutierrez
BuddaisNdoes99,recruitermbb
josemanuelzalaz,Trader- Investor /JosÃ© Manuel Salazar
JerryMeskup,Jerry Meskup
Mwaka3mmanuel,Mwaka Emmanuel
BjorkBjorksi,Bjork Sigurgisladott
AzizShafie4,AzizShafie
Sallahmire,Sallah A.Mire
TimmyNolan,Tim Nolan
JoshuaW53207771,Joshua Winkler
sxmdxvxs,NIBEEN-BETERKPEON SOMDAğŸŒ¹
RayyanCool8,Rayyan
BrantRustichMS,"Brant Rustich, CPWAÂ®, CFPÂ®"
lingxiaonuo2563,å‡Œå°æ¢µ
DigitalLukee,Digital Luke ğŸŒ
neeraj_lilani,Neeraj Lilani
R14285757,Roy
NamashongoTshi2,Tomz W Tshikongo
calirosen6151,Cali Rosen
Bakksy_app,Bakksy
adrianptr92,Adrian Ptr
MelvinSlaw,Melvin Slaw
BodneSmita,Smita Bodne
JosephCrickmore,Joseph Crickmore
nhatlamtonle,Sharnktu
P_del_Inversor,PSICOLOGÃA DEL INVERSOR
AdelReaz,Adil Riaz
BlueElkhair,Blue Elk
melaw44806718,á‹¨á‰ áˆ‹á‹­ á‰µáŠ•á‹áˆ½!!!!
Fredd1316,Freddy Hernandez
ElleErinle,No stress ELLE â€˜Big Lâ€™ ğŸ˜
AM92245,AM
EloseGirard3,EloÃ¯se Girard
his_eminence_j,His Eminence ğŸ‘‘ ğŸ¥¥ğŸ‡
mhardi,Stephan
mohamed73239249,mohamed fawzey
Planet_Moseley,Sarah
pebasfa,PEBASFA
TC_86,Tristan Cooper
FFn41873961,f n
bsrdvc_,busrağŸ’«
mdnmodern,NO STORY
iFJJepclc8NUOeI,ã·ã‚ˆãã¡
jlwomack77,jason womack
sfgoiri,SFGH
TomPowe64630345,Crypto Thom
vitorgazola,Vitor Gazola
bisbax,AMOUZOU Badjibassa
vivekagrahari67,vkg
SeanCryptoSmith,TheCryptoSmith
chryptoph3r,chryptoph3r
criscefai,Cristina Cefai
shivdelaney,SIOBHAN DELANEY
MiMok39141208,My C
Djnabs1,@nabscrypto
SirlpherN,SIMON'S ORPHANAGE
n4r1nd3r93,narinder
burnsie567,Chris Burns
Maxzy04,Philip Sule
Sexcy32,Brenda Jones
robertocasasl,Roberto Casas Lugo
broking_room,Chinedu Onyewuenyi
howard_langer,Howard Langer
TutalDilan,Dilan Tutal
MutyabaIbrahim9,Mutyaba Ibrahim
HenryFr82960228,Henry Frank
Tehmaskhalid5,Tehmas khalid
sghmacro,SGH Macro Advisors
XrpGodfather,XRP Godfather
badgetio,Badget
wainad2016,wai wai
PrasanLK09352,PROFIBID
Mohamme22556629,Mohammed
adamford679,Adam Ford
Chrisb56068498,Chris.b
vbalotis08,VASILIS BALOTIS
GianniDiGati1,jun
nelsonluiz1981,Nelson Luiz Mateus dos Santos
BrianBnyc,Brian B
EdsonFabio01,Edson Fabio
abdullahqadri07,Abdullah Qadri
anethfuture,Ramsey ğŸ¦†
nabilmuzhaffar,NM
FedeDave1,Fede Dave
kej_ejdam,Adam KramarÄÃ­k
NatheeLindrups,Nathee lindrupsen
Parish7Willie,Parish.Willie Jerome jr. Apple.Database.com
imdebbiezivko,debbie â€œDebbiezivko teslaniteâ€ Zivko
Mazurek125,Wojciech
Michael17052977,Michael Brown
OkeTossavainen,Oke Tossavainen
philott2116,Dream Chaser
SawanPa81643812,Sawan Patidar
tomcatmam,Sarah MacDonald ğŸ’™ğŸ’›
KiptumPharyz,ALPHARC
Carole10617814,Carole
Abdulla63478752,A Y
castollog,Castollo Golden
1SaidAbobkr,Said Abobkr
CindyLeeUSA,cindy Lee @cindyleeohiousa or @cindyleeusa
krr1ss,chris harrison
lurux9,ç½—ç¿å¸Œ
MONARCHYFX,MONARCHY FOREX
saad_sh007,Saad Sheikh
BP_EconLawedACH,Random Sell Occupant
VladiaSil,Vladimir Siler
AbhishekJain_AI,Abhishek Rajesh Jain
Mugunth100,mugunthan murugesan
