source,target,type,weight
bankofengland,bankofengland,tweet,1.0
bankofengland,OleOsterhammel,mention,0.5
bankofengland,capehaze5,mention,0.5
bankofengland,TheFCA,mention,0.5
bankofengland,BoELondon,mention,0.5
bankofengland,Dave34060901,mention,0.5
bankofengland,RupalEconomics,mention,0.5
bankofengland,MeaningJack,mention,0.5
bankofengland,JD_Is_Faith,mention,0.5
bankofengland,RobinLP93,mention,0.5
bankofengland,hmtreasury,mention,0.5
bankofengland,LivEchonews,mention,0.5
bankofengland,BoENorthWest,mention,0.5
bankofengland,raposoguillermo,mention,0.5
bankofengland,yoyi_vs,mention,0.5
bankofengland,makahar,mention,0.5
bankofengland,BoENorthEast,mention,0.5
bankofengland,DwayneTriplett1,mention,0.5
bankofengland,Mcmanybucks,mention,0.5
bankofengland,RoyalMintUK,mention,0.5
bankofengland,perennialcapt,mention,0.5
bankofengland,heather10552,mention,0.5
bankofengland,tyranny_be_gone,mention,0.5
bankofengland,Zoukers,mention,0.5
bankofengland,SilentCryptoBob,mention,0.5
bankofengland,Chalkylwhite,mention,0.5
bankofengland,VisualCJS,mention,0.5
bankofengland,ojfsryiomv45,mention,0.5
bankofengland,McDonaldGiorgia,mention,0.5
bankofengland,VincyBrit2010,mention,0.5
bankofengland,WarwickBSchool,mention,0.5
bankofengland,MatheshKethes,mention,0.5
bankofengland,Slytherinshare,mention,0.5
bankofengland,dpinto_ortega,mention,0.5
bankofengland,maneco1964,mention,0.5
bankofengland,just_crystals_,mention,0.5
bankofengland,Ollieoud,mention,0.5
bankofengland,investingidiocy,mention,0.5
bankofengland,blairgadgie,mention,0.5
bankofengland,matefinance,mention,0.5
bankofengland,kuocsemajn,mention,0.5
bankofengland,Bradleyxulu,mention,0.5
bankofengland,ashik_wani,mention,0.5
bankofengland,sglptasa,mention,0.5
bankofengland,loulour1982,mention,0.5
bankofengland,joyrajwaikhom,mention,0.5
bankofengland,ShrhanAhmed,mention,0.5
bankofengland,elinspain,mention,0.5
bankofengland,MrGChampion,mention,0.5
bankofengland,ASupraspace,mention,0.5
bankofengland,fatz68,mention,0.5
bankofengland,mmelegancy,mention,0.5
bankofengland,ReginaWalton,mention,0.5
bankofengland,Bellka84875419,mention,0.5
bankofengland,MisterQuintus,mention,0.5
bankofengland,KtbearK,mention,0.5
bankofengland,david_mutumba1,mention,0.5
bankofengland,nw_jan,mention,0.5
bankofengland,Mangiafuococo,mention,0.5
bankofengland,tarangjain13,mention,0.5
bankofengland,AshleyM34818259,mention,0.5
bankofengland,onigiri247,mention,0.5
bankofengland,lostinthemome17,mention,0.5
bankofengland,RoyalFamily,mention,0.5
bankofengland,parcelbroker,mention,0.5
bankofengland,tinas411,mention,0.5
bankofengland,IrnBruGal,mention,0.5
bankofengland,Michelle290107,mention,0.5
bankofengland,azheraslam1,mention,0.5
bankofengland,drweb30,mention,0.5
bankofengland,KieranWindsor,mention,0.5
bankofengland,basque_golance,mention,0.5
bankofengland,LANk655,mention,0.5
bankofengland,ogue,mention,0.5
bankofengland,Quant_Girl,mention,0.5
bankofengland,Rudolphus_hodl,mention,0.5
bankofengland,Itslossedandnot,mention,0.5
bankofengland,ramsayrules,mention,0.5
bankofengland,thebankofghana,mention,0.5
bankofengland,FCDOGovUK,mention,0.5
bankofengland,Don_Carlo7,mention,0.5
bankofengland,LdnParris,mention,0.5
bankofengland,ValeriaOrtizVM,mention,0.5
bankofengland,PeterMNorman,mention,0.5
bankofengland,marktabet,mention,0.5
bankofengland,SimonBean8,mention,0.5
bankofengland,OmarXhagag,mention,0.5
bankofengland,cityoflondon,mention,0.5
bankofengland,sparkyshiny,mention,0.5
bankofengland,StereoVogue,mention,0.5
bankofengland,ecb,mention,0.5
bankofengland,KingsCollegeLon,mention,0.5
bankofengland,kingsbschool,mention,0.5
bankofengland,BoE_Research,mention,0.5
bankofengland,stevenexcels,mention,0.5
bankofengland,rhock1979,mention,0.5
bankofengland,Carlotta678,mention,0.5
bankofengland,paulysfootball,mention,0.5
bankofengland,jayzheather7,mention,0.5
bankofengland,farmfriendlincs,mention,0.5
bankofengland,Kristaltipps13,mention,0.5
bankofengland,mccann_bert,mention,0.5
bankofengland,PETITJEANEmeli1,mention,0.5
bankofengland,Greyadder,mention,0.5
bankofengland,BradfordLitFest,mention,0.5
bankofengland,zoesqwilliams,mention,0.5
bankofengland,Tirthankar_WEX,mention,0.5
bankofengland,cstone_press,mention,0.5
bankofengland,boescotland,mention,0.5
bankofengland,RoyalEconSoc,mention,0.5
bankofengland,boemuseum,mention,0.5
bankofengland,tomjrowley,mention,0.5
bankofengland,BoEYorkshire,mention,0.5
bankofengland,MeenaMS0705,mention,0.5
bankofengland,boro19932013,mention,0.5
bankofengland,maxmarr,mention,0.5
bankofengland,Ntombi202020,mention,0.5
bankofengland,karardotartist,mention,0.5
bankofengland,FillisMarco1,mention,0.5
bankofengland,gurevitchesque,mention,0.5
bankofengland,ronny_whitman,mention,0.5
bankofengland,pique90s,mention,0.5
bankofengland,Maheshk79877770,mention,0.5
bankofengland,mou_valer,mention,0.5
bankofengland,jonslinn,mention,0.5
bankofengland,HerHandsMyHands,mention,0.5
bankofengland,h_irish37,mention,0.5
bankofengland,LolithaShosha,mention,0.5
bankofengland,Bruegel_org,mention,0.5
bankofengland,Whitchurch1,mention,0.5
bankofengland,densityMeter,mention,0.5
bankofengland,M4ntha85,mention,0.5
bankofengland,Michael58739848,mention,0.5
bankofengland,ChidiObihara,mention,0.5
bankofengland,BoECentralSouth,mention,0.5
bankofengland,stonewalluk,mention,0.5
bankofengland,bagulvinod12,mention,0.5
bankofengland,Tommy_M_E_J,mention,0.5
bankofengland,mencap_charity,mention,0.5
bankofengland,bigusrobus,mention,0.5
bankofengland,Walter_Essex,mention,0.5
bankofengland,rugbywarrior,mention,0.5
bankofengland,brendempsey,mention,0.5
bankofengland,bwgooner78,mention,0.5
bankofengland,BoEYouthForum,mention,0.5
bankofengland,CarliniCarter,mention,0.5
bankofengland,tequilaMidget1,mention,0.5
bankofengland,GreenOceanSky,mention,0.5
bankofengland,philD5269,mention,0.5
bankofengland,q1hills,mention,0.5
bankofengland,AdamSwannRacing,mention,0.5
bankofengland,Quietly_mumbles,mention,0.5
bankofengland,taschoudhury,mention,0.5
bankofengland,Gkburak2,mention,0.5
bankofengland,garryowen1888,mention,0.5
bankofengland,Rickyp_04,mention,0.5
bankofengland,NSPCC,mention,0.5
bankofengland,Shelter,mention,0.5
bankofengland,hines_stephen,mention,0.5
bankofengland,technologypoet,mention,0.5
bankofengland,asiahodl,mention,0.5
bankofengland,Lynne_Murray007,mention,0.5
bankofengland,steveprioruk,mention,0.5
bankofengland,MaierViv,mention,0.5
bankofengland,50sBornWomen,mention,0.5
bankofengland,boldonlad,mention,0.5
bankofengland,officialnucky,mention,0.5
bankofengland,ResistNewNormal,mention,0.5
bankofengland,Jangowaterfall,mention,0.5
bankofengland,federalreserve,mention,0.5
bankofengland,yourboysly,mention,0.5
bankofengland,rbentley023,mention,0.5
bankofengland,labourchaos1,mention,0.5
bankofengland,TimWardCam,mention,0.5
bankofengland,The_Macula,mention,0.5
bankofengland,Valuable500,mention,0.5
bankofengland,999bradders,mention,0.5
bankofengland,bristolideas,mention,0.5
bankofengland,NedjarHadjira,mention,0.5
bankofengland,oeysterpearl,mention,0.5
bankofengland,muckleton,mention,0.5
bankofengland,AgreeT0D1sagree,mention,0.5
bankofengland,jonathanmaguia,mention,0.5
bankofengland,Redchick69,mention,0.5
bankofengland,BeanoOfficial,mention,0.5
bankofengland,MasonMagoo,mention,0.5
bankofengland,jamesjopling,mention,0.5
bankofengland,BHFScotland,mention,0.5
bankofengland,ACOSVO,mention,0.5
bankofengland,GoacherLouis,mention,0.5
bankofengland,netherthirddcc,mention,0.5
bankofengland,UnitedKingdomo5,mention,0.5
bankofengland,RDChoirgirl,mention,0.5
bankofengland,BBCOne,mention,0.5
bankofengland,DomLittlewood,mention,0.5
bankofengland,targetjobsUK,mention,0.5
bankofengland,ciare29,mention,0.5
bankofengland,MIT,mention,0.5
bankofengland,leehoward708,mention,0.5
bankofengland,togetherwomen,mention,0.5
bankofengland,xxjessicanxx,mention,0.5
bankofengland,TheBanker,mention,0.5
bankofengland,OttoOsirian,mention,0.5
bankofengland,chris_butland,mention,0.5
bankofengland,BoENIreland,mention,0.5
bankofengland,amranmo83801024,mention,0.5
bankofengland,mikkikezmar,mention,0.5
bankofengland,Dovydas97468098,mention,0.5
bankofengland,womenreturners,mention,0.5
bankofengland,AtBloke,mention,0.5
bankofengland,nigelrumble,mention,0.5
bankofengland,GiveBradford,mention,0.5
bankofengland,network_race,mention,0.5
bankofengland,beaccommunity,mention,0.5
bankofengland,kawacc_keighley,mention,0.5
bankofengland,TheValleyProje1,mention,0.5
bankofengland,foodbankBD,mention,0.5
bankofengland,COP26,mention,0.5
bankofengland,bancaditalia,mention,0.5
bankofengland,nick66g,mention,0.5
bankofengland,evelyncolleen,mention,0.5
bankofengland,Blondedee30,mention,0.5
bankofengland,LlamaLorna,mention,0.5
bankofengland,TheOasisCurator,mention,0.5
bankofengland,5180KayVee,mention,0.5
bankofengland,GG2Diversity,mention,0.5
bankofengland,BoESouthWest,mention,0.5
bankofengland,PotholeOpinion,mention,0.5
bankofengland,JohnDic12856102,mention,0.5
bankofengland,kennysmeaton,mention,0.5
bankofengland,i_am_gizmo_uk,mention,0.5
bankofengland,sparkle1973,mention,0.5
bankofengland,baysieblue,mention,0.5
bankofengland,SatoshiNotamo,mention,0.5
bankofengland,Popsicl46385504,mention,0.5
bankofengland,SASchofield52,mention,0.5
bankofengland,CryptoIreland3,mention,0.5
bankofengland,George_Nixon97,mention,0.5
bankofengland,englishwanted,mention,0.5
bankofengland,LuekeChristine,mention,0.5
bankofengland,AmateurInvest15,mention,0.5
bankofengland,CoryBeck19,mention,0.5
bankofengland,SpinkandSon,mention,0.5
bankofengland,aktcharity,mention,0.5
bankofengland,anirudh123,mention,0.5
bankofengland,NGFS_,mention,0.5
bankofengland,koshgupta,mention,0.5
bankofengland,guywalters,mention,0.5
bankofengland,CFTyneWearNland,mention,0.5
bankofengland,NERSRefugee,mention,0.5
bankofengland,HextolCharity,mention,0.5
bankofengland,NEYouth_,mention,0.5
bankofengland,BackontheMapLtd,mention,0.5
bankofengland,BIS_org,mention,0.5
bankofengland,SIFForum,mention,0.5
bankofengland,TrumptonR,mention,0.5
bankofengland,angelakw76,mention,0.5
bankofengland,dis_politics,mention,0.5
bankofengland,Mike8819uk,mention,0.5
bankofengland,kirah_ldn,mention,0.5
bankofengland,Leeboi365,mention,0.5
bankofengland,KhaiSohaib,mention,0.5
bankofengland,moomarketing1,mention,0.5
bankofengland,HoistForex,mention,0.5
bankofengland,nazgar001,mention,0.5
bankofengland,Sh3lby118,mention,0.5
bankofengland,sn1428,mention,0.5
bankofengland,DoubleUSee,mention,0.5
bankofengland,JonWilsonAuthor,mention,0.5
bankofengland,EBS_GWC,mention,0.5
bankofengland,hbarrow1,mention,0.5
bankofengland,Steve59810455,mention,0.5
bankofengland,Matty_EstUK,mention,0.5
bankofengland,beltalowda89,mention,0.5
bankofengland,bletchleypark,mention,0.5
bankofengland,cfcityweek,mention,0.5
bankofengland,daisyeye1,mention,0.5
bankofengland,yasheshb,mention,0.5
bankofengland,LSEnews,mention,0.5
bankofengland,cdf1530,mention,0.5
bankofengland,FXMC1957,mention,0.5
bankofengland,carersweek,mention,0.5
bankofengland,CarersUK,mention,0.5
bankofengland,NPL,mention,0.5
bankofengland,BoEWestMids,mention,0.5
bankofengland,metoffice,mention,0.5
bankofengland,hollycorner,mention,0.5
bankofengland,odministrator,mention,0.5
bankofengland,vpharm,mention,0.5
bankofengland,NPGLondon,mention,0.5
bankofengland,catherin_naylor,mention,0.5
bankofengland,Jamil1818,mention,0.5
bankofengland,LiamPeterTemple,mention,0.5
bankofengland,thetimes,mention,0.5
bankofengland,phil_grubb,mention,0.5
bankofengland,BlakeFox7,mention,0.5
bankofengland,Alami94,mention,0.5
bankofengland,urssaRMR,mention,0.5
bankofengland,BoEEastMids,mention,0.5
bankofengland,Tanni_GT,mention,0.5
bankofengland,ParalympicsGB,mention,0.5
bankofengland,AdukhaMorris,mention,0.5
bankofengland,Boopis_Capital,mention,0.5
bankofengland,XrpBart,mention,0.5
bankofengland,EAjekiigbe,mention,0.5
bankofengland,Tom_Hingston,mention,0.5
bankofengland,iijagne,mention,0.5
bankofengland,WomeninPayments,mention,0.5
bankofengland,DrDRHamilton,mention,0.5
bankofengland,zebulon_,mention,0.5
bankofengland,AlternateSciFi,mention,0.5
bankofengland,TigerZindaHay,mention,0.5
bankofengland,ariasmaid,mention,0.5
bankofengland,gbexfal,mention,0.5
bankofengland,GCHQ,mention,0.5
bankofengland,tes,mention,0.5
bankofengland,WrightLinkLtd,mention,0.5
bankofengland,InnFin,mention,0.5
bankofengland,toomeys,mention,0.5
bankofengland,Briesias,mention,0.5
bankofengland,payslippennies,mention,0.5
bankofengland,Allchanges,mention,0.5
bankofengland,simon_j5,mention,0.5
bankofengland,TwistedTwittah,mention,0.5
bankofengland,0zzieBattler,mention,0.5
bankofengland,PeterLattimer,mention,0.5
bankofengland,newsscape,mention,0.5
bankofengland,LouisThomasYT,mention,0.5
bankofengland,hyunjinki14,mention,0.5
bankofengland,Timewise_UK,mention,0.5
bankofengland,stephenfry,mention,0.5
bankofengland,SLSingh,mention,0.5
bankofengland,JezzCIA,mention,0.5
bankofengland,jaymc2238,mention,0.5
bankofengland,BarclaysUKHelp,mention,0.5
bankofengland,ElenaKale,mention,0.5
bankofengland,ArthurAdams,mention,0.5
bankofengland,madebyburton,mention,0.5
bankofengland,HockSam,mention,0.5
bankofengland,MustappaSirat,mention,0.5
bankofengland,truegood2btrue,mention,0.5
bankofengland,BoESouthEast,mention,0.5
bankofengland,Riche1964,mention,0.5
bankofengland,harrisonkt_,mention,0.5
bankofengland,CO3updates,mention,0.5
bankofengland,ollie_pitcher,mention,0.5
bankofengland,ProfCaryCooper,mention,0.5
bankofengland,techcharterUK,mention,0.5
bankofengland,Unilever,mention,0.5
bankofengland,mcnicollme,mention,0.5
bankofengland,eF2YUQfOAqUo65Z,mention,0.5
bankofengland,BagelBarton,mention,0.5
bankofengland,WiltsCF,mention,0.5
bankofengland,reddwarf4ever,mention,0.5
bankofengland,jiminey56386668,mention,0.5
bankofengland,rangerskyle72,mention,0.5
bankofengland,Ammyanny3,mention,0.5
bankofengland,CareermapNews,mention,0.5
bankofengland,Theohaywood8,mention,0.5
bankofengland,biraofficial,mention,0.5
bankofengland,NBCS_Tweet,mention,0.5
bankofengland,lordstern1,mention,0.5
bankofengland,JFKaddict,mention,0.5
bankofengland,abutari40704181,mention,0.5
bankofengland,BoEWales,mention,0.5
bankofengland,MarkFreemanML,mention,0.5
bankofengland,anotherfineday,mention,0.5
bankofengland,PancreaticCanUK,mention,0.5
bankofengland,YoungMindsUK,mention,0.5
bankofengland,Courtnxyyolivia,mention,0.5
bankofengland,Sayedsaifindia,mention,0.5
bankofengland,Ally1889,mention,0.5
bankofengland,hinds_sarah,mention,0.5
bankofengland,LaithKhalaf1,mention,0.5
bankofengland,patrickarobey,mention,0.5
bankofengland,youvsyoultd,mention,0.5
bankofengland,ljpteacher,mention,0.5
bankofengland,DisabilitySmart,mention,0.5
bankofengland,ReedSmithD_I,mention,0.5
bankofengland,banquedefrance,mention,0.5
bankofengland,liliana_vvarela,mention,0.5
bankofengland,AnthonyLeeZhang,mention,0.5
bankofengland,SalihFendoglu,mention,0.5
bankofengland,fdhassan,mention,0.5
bankofengland,Haonan_Zhou,mention,0.5
bankofengland,LLRFoundation,mention,0.5
bankofengland,Econ_Foundation,mention,0.5
bankofengland,NdKsF93pX7IQZti,mention,0.5
bankofengland,bycLIVE,mention,0.5
bankofengland,CAPuk,mention,0.5
bankofengland,itsdaeji,mention,0.5
bankofengland,JoeyLDN,mention,0.5
bankofengland,ben_moll,mention,0.5
bankofengland,mcmahonecon,mention,0.5
bankofengland,nd_econ,mention,0.5
bankofengland,AimSurfer,mention,0.5
bankofengland,Katie__Fox,mention,0.5
bankofengland,galiciaforex,mention,0.5
bankofengland,glamourie,mention,0.5
bankofengland,CEOemail,mention,0.5
bankofengland,picturetony,mention,0.5
bankofengland,UKgypsy77,mention,0.5
bankofengland,roryobryan,mention,0.5
bankofengland,JDrvr,mention,0.5
bankofengland,RNIB,mention,0.5
bankofengland,anj_ade,mention,0.5
bankofengland,jamese3k1,mention,0.5
bankofengland,JMLeitch,mention,0.5
bankofengland,LMAppeal,mention,0.5
bankofengland,UKCF_tweets,mention,0.5
bankofengland,AndyMRoberts,mention,0.5
bankofengland,DominicFrisby,mention,0.5
bankofengland,LSEGplc,mention,0.5
bankofengland,veeezwsm,mention,0.5
bankofengland,awaawardsuk,mention,0.5
bankofengland,IncEmp,mention,0.5
bankofengland,MrRee1974,mention,0.5
bankofengland,RedMissRed,mention,0.5
bankofengland,viegasf,mention,0.5
bankofengland,GoogleAI,mention,0.5
bankofengland,QUB_CEC,mention,0.5
bankofengland,QUBelfast,mention,0.5
bankofengland,Money_Advice,mention,0.5
bankofengland,Chris_Susan,mention,0.5
bankofengland,jamescunnington,mention,0.5
bankofengland,MattyHayes22,mention,0.5
bankofengland,ngelaAlmanzar1,mention,0.5
bankofengland,artoneill,mention,0.5
bankofengland,financialombuds,mention,0.5
bankofengland,HERoesinB,mention,0.5
bankofengland,fenalsflick,mention,0.5
bankofengland,YoavSoffer,mention,0.5
bankofengland,IAI_TV,mention,0.5
bankofengland,HTLGIFestival,mention,0.5
bankofengland,VilliersPark,mention,0.5
bankofengland,SocialMobilityF,mention,0.5
bankofengland,Google,mention,0.5
bankofengland,JakeYeo1,mention,0.5
bankofengland,nicoleelliott50,mention,0.5
bankofengland,starlemusique,mention,0.5
bankofengland,BrookingsInst,mention,0.5
bankofengland,Roland78332687,mention,0.5
bankofengland,mr_c_mr__c,mention,0.5
bankofengland,LisaS2703,mention,0.5
bankofengland,AevoJaeger,mention,0.5
bankofengland,Matty_TEE,mention,0.5
bankofengland,BITC,mention,0.5
bankofengland,KansasCityFed,mention,0.5
bankofengland,kimnicoll3,mention,0.5
bankofengland,jingscriven,mention,0.5
bankofengland,ARoberts3234,mention,0.5
bankofengland,lightbody,mention,0.5
bankofengland,TUMEKE_blog,mention,0.5
bankofengland,AndyCraig2210,mention,0.5
bankofengland,Livetorock2018,mention,0.5
bankofengland,britishinsafian,mention,0.5
bankofengland,Helenajay,mention,0.5
bankofengland,nadinethedream_,mention,0.5
bankofengland,TomW83mcfc,mention,0.5
bankofengland,Gemit92,mention,0.5
bankofengland,ThePaulClements,mention,0.5
bankofengland,Kash1690,mention,0.5
bankofengland,ad_walsh_,mention,0.5
bankofengland,PeTeVxR8,mention,0.5
bankofengland,CranfieldTom,mention,0.5
bankofengland,XrpEthan,mention,0.5
bankofengland,TheBabyExpert,mention,0.5
bankofengland,ZanderPretoriu1,mention,0.5
bankofengland,haskelecon,mention,0.5
bankofengland,andrewlees501,mention,0.5
bankofengland,FionaWoos,mention,0.5
bankofengland,SCHOOLSNE,mention,0.5
bankofengland,Neo54966275,mention,0.5
bankofengland,BrianDrian,mention,0.5
bankofengland,petrball,mention,0.5
bankofengland,forb69420,mention,0.5
bankofengland,UKFtweets,mention,0.5
bankofengland,Step14Johnathon,mention,0.5
bankofengland,PrueLeith,mention,0.5
bankofengland,2ddi_SA,mention,0.5
bankofengland,My5_tv,mention,0.5
bankofengland,SaudAbuHarbesh,mention,0.5
bankofengland,mattames80,mention,0.5
bankofengland,80sNostalgiafan,mention,0.5
bankofengland,MagicPoetDamo,mention,0.5
bankofengland,jmsld_,mention,0.5
bankofengland,paulCor44283590,mention,0.5
bankofengland,wayfarer26,mention,0.5
bankofengland,WillPulham,mention,0.5
bankofengland,EnglishCad,mention,0.5
bankofengland,thegingerpig,mention,0.5
bankofengland,drac49,mention,0.5
bankofengland,KonigDerWolfe,mention,0.5
bankofengland,hendrick87,mention,0.5
bankofengland,marybduffy,mention,0.5
bankofengland,madkads,mention,0.5
bankofengland,ChevronRoad,mention,0.5
bankofengland,pauldcapper,mention,0.5
bankofengland,tony89193543,mention,0.5
bankofengland,Johnbloodrage,mention,0.5
bankofengland,Gurshar12290941,mention,0.5
bankofengland,resi_analyst,mention,0.5
bankofengland,LovoStiltz,mention,0.5
bankofengland,City_MHA,mention,0.5
bankofengland,trumpetsblown,mention,0.5
bankofengland,aManCalledDavid,mention,0.5
bankofengland,RussOxley,mention,0.5
bankofengland,WillyBeamin10,mention,0.5
bankofengland,notayesmansecon,mention,0.5
bankofengland,AlzResearchUK,mention,0.5
bankofengland,Maverick42251,mention,0.5
bankofengland,MabelBr25051948,mention,0.5
bankofengland,LeeLvUnited,mention,0.5
bankofengland,mike_overthere,mention,0.5
bankofengland,MrBeesBrewery,mention,0.5
bankofengland,fcovalor,mention,0.5
bankofengland,businesslive,mention,0.5
bankofengland,derivativefool,mention,0.5
bankofengland,FSAssist,mention,0.5
bankofengland,FT,mention,0.5
bankofengland,SiFrew,mention,0.5
bankofengland,elliott06,mention,0.5
bankofengland,SarahJMaths,mention,0.5
bankofengland,vickyrandhawa,mention,0.5
bankofengland,BRIANCHAN88,mention,0.5
bankofengland,ClarkeClair,mention,0.5
bankofengland,_OchoOcho,mention,0.5
bankofengland,bctomuk,mention,0.5
bankofengland,normac64638538,mention,0.5
bankofengland,ChristineEade2,mention,0.5
bankofengland,SusanWi00845539,mention,0.5
bankofengland,peopleweeple,mention,0.5
bankofengland,jenni_bea,mention,0.5
bankofengland,martin_farley,mention,0.5
bankofengland,MinushY,mention,0.5
bankofengland,UKCards,mention,0.5
bankofengland,denista25493110,mention,0.5
bankofengland,Ellen__Ho,mention,0.5
bankofengland,carolslater130,mention,0.5
bankofengland,Conclaviamajor,mention,0.5
bankofengland,Jayne__Bond,mention,0.5
bankofengland,DM_Pipe,mention,0.5
bankofengland,pb1982,mention,0.5
bankofengland,alanrew,mention,0.5
bankofengland,ShopBank_io,mention,0.5
bankofengland,MizzCQ,mention,0.5
bankofengland,mauritius_gold,mention,0.5
bankofengland,huwjpthomas,mention,0.5
bankofengland,suewalker_05,mention,0.5
bankofengland,VickieShennan,mention,0.5
bankofengland,GilesDMiddleton,mention,0.5
bankofengland,Liberalcouncil,mention,0.5
bankofengland,barry_doggett,mention,0.5
bankofengland,Adamdivineshine,mention,0.5
bankofengland,juan_f_diaz,mention,0.5
bankofengland,Andrew_Isidoro,mention,0.5
bankofengland,damian_from,mention,0.5
bankofengland,AmyAmy2312,mention,0.5
bankofengland,drsimonthomson,mention,0.5
bankofengland,BlueDog75,mention,0.5
bankofengland,PotterSongs,mention,0.5
bankofengland,willperrin,mention,0.5
bankofengland,MuradQureshiLDN,mention,0.5
bankofengland,boatshedneil,mention,0.5
bankofengland,PMDDtakeover,mention,0.5
bankofengland,andrewanthonyb,mention,0.5
bankofengland,marvinirwin7,mention,0.5
bankofengland,dhaniboy84,mention,0.5
bankofengland,T19ht_h34d,mention,0.5
bankofengland,womensday,mention,0.5
bankofengland,jasonmiller077,mention,0.5
bankofengland,lfc6eurocups1,mention,0.5
bankofengland,thestandard1945,mention,0.5
bankofengland,DPManchee,mention,0.5
bankofengland,Lenny_Bobo,mention,0.5
bankofengland,Lagarde,mention,0.5
bankofengland,citylordmayor,mention,0.5
bankofengland,marrakechbride,mention,0.5
bankofengland,cheltenhamlady,mention,0.5
bankofengland,Sasta24,mention,0.5
bankofengland,miles527,mention,0.5
bankofengland,lovinJADEalways,mention,0.5
bankofengland,NaheedaRabbani,mention,0.5
bankofengland,Anon34058661,mention,0.5
bankofengland,EmiliePW,mention,0.5
bankofengland,Leciqa,mention,0.5
bankofengland,DanaManchild,mention,0.5
bankofengland,Markind_0,mention,0.5
bankofengland,Matti_ONeil,mention,0.5
bankofengland,arch_catherine,mention,0.5
bankofengland,Chelmsford92,mention,0.5
bankofengland,WestMid_ExCop,mention,0.5
bankofengland,CallsumaAli,mention,0.5
bankofengland,Tate,mention,0.5
bankofengland,hollyabe10,mention,0.5
bankofengland,davecobblerlee,mention,0.5
bankofengland,ronaldinhio,mention,0.5
bankofengland,Graham_Sargent1,mention,0.5
bankofengland,TheCalendarCo,mention,0.5
bankofengland,jagwaldo,mention,0.5
bankofengland,jiffers,mention,0.5
bankofengland,coedmieri,mention,0.5
bankofengland,HSBC_UK,mention,0.5
bankofengland,MicaB94,mention,0.5
bankofengland,Telegraph,mention,0.5
bankofengland,UoNEconomics,mention,0.5
bankofengland,UniofNottingham,mention,0.5
bankofengland,BendyBill,mention,0.5
bankofengland,indparltrust,mention,0.5
bankofengland,pennylongstckng,mention,0.5
bankofengland,HouseofCommons,mention,0.5
bankofengland,TurnersHouse,mention,0.5
bankofengland,FrenchFinancier,mention,0.5
bankofengland,ravivarmarao,mention,0.5
bankofengland,Jakeywakey0,mention,0.5
bankofengland,JustineElyot,mention,0.5
bankofengland,TemiSamuel,mention,0.5
bankofengland,emeraldia3,mention,0.5
bankofengland,wmarybeard,mention,0.5
bankofengland,kuge24732451,mention,0.5
bankofengland,BorisJohnson,mention,0.5
bankofengland,thecustomshouse,mention,0.5
bankofengland,STEVEY3KC,mention,0.5
bankofengland,jimmyboy_80,mention,0.5
bankofengland,sianalltimeblow,mention,0.5
bankofengland,octymocty,mention,0.5
bankofengland,Cmckbish,mention,0.5
bankofengland,HepburnGraham,mention,0.5
bankofengland,BoabyBasher,mention,0.5
bankofengland,antartica81,mention,0.5
bankofengland,biscuit_ersed,mention,0.5
bankofengland,treacy_a,mention,0.5
bankofengland,ac050919,mention,0.5
bankofengland,MalcolmHay,mention,0.5
bankofengland,TCMargate,mention,0.5
bankofengland,bikesandthings1,mention,0.5
bankofengland,DawnMDuval,mention,0.5
bankofengland,GivingTuesdayUK,mention,0.5
bankofengland,BrainTumourOrg,mention,0.5
bankofengland,LDNairamb,mention,0.5
bankofengland,MoaningMyrti,mention,0.5
bankofengland,THTorguk,mention,0.5
bankofengland,DrKirstyRoberts,mention,0.5
bankofengland,BristolUni,mention,0.5
bankofengland,DiscoverEcon,mention,0.5
bankofengland,luxlifeblog,mention,0.5
bankofengland,womenoffuture,mention,0.5
bankofengland,EvanD,mention,0.5
bankofengland,Steven94n,mention,0.5
bankofengland,mrtwentytwenty,mention,0.5
bankofengland,seasideexile,mention,0.5
bankofengland,jord_jjw,mention,0.5
bankofengland,S4SNextGen,mention,0.5
bankofengland,IBankszzy,mention,0.5
bankofengland,CurriculumBlack,mention,0.5
bankofengland,cronauta,mention,0.5
bankofengland,HarvirDhillon,mention,0.5
bankofengland,Ashwint12,mention,0.5
bankofengland,jamestoon09,mention,0.5
bankofengland,bankofengland,mention,0.5
bankofengland,danieljokojohn,mention,0.5
bankofengland,NationalGallery,mention,0.5
bankofengland,LHSummers,mention,0.5
bankofengland,HarvardIOP,mention,0.5
bankofengland,WorldBank,mention,0.5
bankofengland,IMFNews,mention,0.5
bankofengland,MissMcClafferty,mention,0.5
bankofengland,TraceyEmin,mention,0.5
bankofengland,BOWdjMAN,mention,0.5
bankofengland,__Interfaith__,mention,0.5
bankofengland,BigLebers,mention,0.5
bankofengland,CitizenShah,mention,0.5
bankofengland,whyndham,mention,0.5
bankofengland,ASHUTOSHCHHATR1,mention,0.5
bankofengland,DanFarnworth,mention,0.5
bankofengland,pinkyshart,mention,0.5
bankofengland,judte65,mention,0.5
bankofengland,emilyy_m,mention,0.5
bankofengland,KuRekciOguz,mention,0.5
bankofengland,Fozziebear17,mention,0.5
bankofengland,Sibos,mention,0.5
bankofengland,Caro18738745,mention,0.5
bankofengland,130152Natasja,mention,0.5
bankofengland,DaveTheTwitt,mention,0.5
bankofengland,Supervation,mention,0.5
bankofengland,razzerobas,mention,0.5
bankofengland,ThewKaren,mention,0.5
bankofengland,Gaga_BoyBeliebs,mention,0.5
bankofengland,kritikagoyal007,mention,0.5
bankofengland,TheMoz_M,mention,0.5
bankofengland,AaronRhodes8,mention,0.5
bankofengland,Jademonkeyhunte,mention,0.5
bankofengland,MarkLynham1,mention,0.5
bankofengland,AEAjournals,mention,0.5
bankofengland,MayorofLondon,mention,0.5
bankofengland,LDN_environment,mention,0.5
bankofengland,lynnew69,mention,0.5
bankofengland,albertoaza,mention,0.5
bankofengland,BritIndy,mention,0.5
bankofengland,sim_manchester,mention,0.5
bankofengland,MichaelAbbott19,mention,0.5
bankofengland,Bradford_TandA,mention,0.5
bankofengland,FaithInBradford,mention,0.5
bankofengland,ShadimHussain,mention,0.5
bankofengland,MercyMissionUK,mention,0.5
bankofengland,Mfosterfamily,mention,0.5
bankofengland,BBCRadio4,mention,0.5
bankofengland,psicorps2000,mention,0.5
bankofengland,datenhalde,mention,0.5
bankofengland,margate_fc,mention,0.5
bankofengland,demishassabis,mention,0.5
bankofengland,MIT_CSAIL,mention,0.5
bankofengland,kirstie_j,mention,0.5
bankofengland,PeterTatchell,mention,0.5
bankofengland,davidwalliams,mention,0.5
bankofengland,pjd23272,mention,0.5
bankofengland,vincecable,mention,0.5
bankofengland,TheRealLukevans,mention,0.5
bankofengland,GraceFo00102407,mention,0.5
bankofengland,BFS_Science,mention,0.5
bankofengland,davidprobertson,mention,0.5
bankofengland,Zehra_Zaidi,mention,0.5
bankofengland,DrSDFitzgerald,mention,0.5
bankofengland,Ri_Science,mention,0.5
bankofengland,Martina,mention,0.5
bankofengland,sinavaia,mention,0.5
bankofengland,Kempton,mention,0.5
bankofengland,TubbyBats,mention,0.5
bankofengland,Number10cat,mention,0.5
bankofengland,JimDavisOnAir,mention,0.5
bankofengland,paulstuartbates,mention,0.5
bankofengland,Cherylbaker,mention,0.5
bankofengland,CCriadoPerez,mention,0.5
bankofengland,KeithMansfield,mention,0.5
bankofengland,CanaryJamMedia,mention,0.5
bankofengland,dermotfinch,mention,0.5
bankofengland,MrJ_Ro,mention,0.5
bankofengland,LGBTfdn,mention,0.5
bankofengland,roy_gill,mention,0.5
bankofengland,RobertJenrick,mention,0.5
bankofengland,RealHumptyB,mention,0.5
bankofengland,wesstreeting,mention,0.5
bankofengland,at67435,mention,0.5
bankofengland,We_reScrewed,mention,0.5
bankofengland,ymcans,mention,0.5
bankofengland,xvrmdf,mention,0.5
bankofengland,wallaceme,mention,0.5
bankofengland,faisalislam,mention,0.5
bankofengland,George_Osborne,mention,0.5
bankofengland,jonsnowC4,mention,0.5
bankofengland,Garrett_Taffer,mention,0.5
bankofengland,kurtisssprosser,mention,0.5
bankofengland,AgeUKOxon,mention,0.5
bankofengland,OxfordshireCF,mention,0.5
bankofengland,David14011970,mention,0.5
bankofengland,wcvaruth,mention,0.5
bankofengland,Central_Hall,mention,0.5
bankofengland,TheBreweries,mention,0.5
bankofengland,sciencetargets,mention,0.5
bankofengland,Mikeyekeoma,mention,0.5
bankofengland,elchaposing,mention,0.5
bankofengland,maggiesoldham,mention,0.5
bankofengland,qMvupxFZueS6tyH,mention,0.5
bankofengland,Kzaya1418,mention,0.5
bankofengland,EconomyAsks,mention,0.5
bankofengland,moosterish,mention,0.5
bankofengland,samcross9414,mention,0.5
bankofengland,EMpoweriB,mention,0.5
bankofengland,BlackPhysicists,mention,0.5
bankofengland,JamesLePenguin,mention,0.5
bankofengland,gaugetheory1,mention,0.5
bankofengland,michael_hows,mention,0.5
bankofengland,OllMor,mention,0.5
bankofengland,Cornwall_CF,mention,0.5
bankofengland,STAKstaustell,mention,0.5
bankofengland,NorthantsCF,mention,0.5
bankofengland,WinFinSeries,mention,0.5
bankofengland,EgbertLankamp,mention,0.5
bankofengland,BHillGirls,mention,0.5
bankofengland,RGSGuildford,mention,0.5
bankofengland,kingsmathschool,mention,0.5
bankofengland,ONS,mention,0.5
bankofengland,ESCoEorg,mention,0.5
bankofengland,Day4Networks,mention,0.5
bankofengland,gusdrojas,mention,0.5
bankofengland,2xWhisky,mention,0.5
bankofengland,wtfhappenedtom1,mention,0.5
bankofengland,HotChocoTrust,mention,0.5
bankofengland,MarkBerlard,mention,0.5
bankofengland,CofGCollege,mention,0.5
bankofengland,osilua,mention,0.5
bankofengland,stacyl2,mention,0.5
bankofengland,Hadexox,mention,0.5
bankofengland,ToynbeeHall,mention,0.5
bankofengland,stevebristoluk,mention,0.5
bankofengland,DNB_NL,mention,0.5
bankofengland,vegan_perfect,mention,0.5
bankofengland,cosmicjulie,mention,0.5
bankofengland,Indyvale,mention,0.5
bankofengland,GlasgowCVS,mention,0.5
bankofengland,reubender,mention,0.5
bankofengland,EthnicityInvest,mention,0.5
bankofengland,NCSC,mention,0.5
bankofengland,chichinwanoku,mention,0.5
bankofengland,Chineke4Change,mention,0.5
bankofengland,LouisKashari,mention,0.5
bankofengland,AmyRollitt,mention,0.5
bankofengland,EastEnd_CF,mention,0.5
bankofengland,megan_mc_,mention,0.5
bankofengland,Caitlinp1236,mention,0.5
bankofengland,Colly4,mention,0.5
bankofengland,finimize,mention,0.5
bankofengland,cesararquitecto,mention,0.5
bankofengland,A_WittenbergCox,mention,0.5
bankofengland,HeatherM_OBE,mention,0.5
bankofengland,bycChair,mention,0.5
bankofengland,CFTC,mention,0.5
bankofengland,studentpride,mention,0.5
bankofengland,ushrium,mention,0.5
bankofengland,LGMDrums,mention,0.5
bankofengland,JennyPHomewood,mention,0.5
bankofengland,Rahaman25381919,mention,0.5
bankofengland,lizzyd06,mention,0.5
bankofengland,Sandison,mention,0.5
bankofengland,MediaMuseum,mention,0.5
bankofengland,CDarwinSchool,mention,0.5
bankofengland,flashxofxtab,mention,0.5
bankofengland,k5aini,mention,0.5
bankofengland,TomaszTweets,mention,0.5
bankofengland,GreenSqMile,mention,0.5
bankofengland,samueltombs,mention,0.5
bankofengland,martinpcarney,mention,0.5
bankofengland,Ryan8772,mention,0.5
bankofengland,FinancialTimes,mention,0.5
bankofengland,djgrahambates,mention,0.5
bankofengland,LNSOP,mention,0.5
bankofengland,Ductran1411,mention,0.5
bankofengland,giconi,mention,0.5
bankofengland,McC1933,mention,0.5
bankofengland,CedarLuo,mention,0.5
bankofengland,crm_uk,mention,0.5
bankofengland,Daemmon19C,mention,0.5
bankofengland,SandyNairne,mention,0.5
bankofengland,LolaHornsey,mention,0.5
bankofengland,DrEmilyGrossman,mention,0.5
bankofengland,Dakota16West,mention,0.5
bankofengland,bedhead00,mention,0.5
bankofengland,statisticsONS,mention,0.5
bankofengland,futureprim,mention,0.5
bankofengland,DamienMcCrystal,mention,0.5
bankofengland,JacksDaLad,mention,0.5
bankofengland,kayladunne_PR,mention,0.5
bankofengland,rich_vaughan,mention,0.5
bankofengland,Inkycat,mention,0.5
bankofengland,CitAdviceScot,mention,0.5
bankofengland,cabwl,mention,0.5
bankofengland,explorearchives,mention,0.5
bankofengland,UkNatArchives,mention,0.5
bankofengland,PjimmyXr,mention,0.5
bankofengland,SPIEtweets,mention,0.5
bankofengland,jamesgraham2,mention,0.5
bankofengland,lordmayors_show,mention,0.5
bankofengland,UCPrimary,mention,0.5
bankofengland,tinklea,mention,0.5
bankofengland,ScienceGrange,mention,0.5
bankofengland,80sgirldiary,mention,0.5
bankofengland,jack_mclean,mention,0.5
bankofengland,HoTBunnyBaker,mention,0.5
bankofengland,williamjamesbl1,mention,0.5
bankofengland,HelenPankhurst,mention,0.5
bankofengland,MissFairbro,mention,0.5
bankofengland,nickybshaw,mention,0.5
bankofengland,picky_head_yute,mention,0.5
bankofengland,emilyfward,mention,0.5
bankofengland,dstaikos,mention,0.5
bankofengland,ProfBrianCox,mention,0.5
bankofengland,FitbaNomad,mention,0.5
bankofengland,Will__Pollard,mention,0.5
bankofengland,PhilMcBryde1,mention,0.5
bankofengland,onein400,mention,0.5
bankofengland,profbradgibson,mention,0.5
bankofengland,lford_louise,mention,0.5
bankofengland,ValGibson11,mention,0.5
bankofengland,jimmytabuk,mention,0.5
bankofengland,trojan1963,mention,0.5
bankofengland,Nigel_Ford,mention,0.5
bankofengland,SamGyimah,mention,0.5
bankofengland,sciencemuseum,mention,0.5
bankofengland,TheBHF,mention,0.5
bankofengland,Dubsy_chat,mention,0.5
bankofengland,ImogenHaig,mention,0.5
bankofengland,BB_STEM,mention,0.5
bankofengland,BhmUK,mention,0.5
bankofengland,HackneyAbbott,mention,0.5
bankofengland,DavidLammy,mention,0.5
bankofengland,BBCUKBLACK,mention,0.5
bankofengland,KattyKayBBC,mention,0.5
bankofengland,cmcgreevy5,mention,0.5
bankofengland,danbritton89,mention,0.5
bankofengland,frozenwarning,mention,0.5
bankofengland,DarrenGreetham,mention,0.5
bankofengland,jojo_louise001,mention,0.5
bankofengland,EvanCull,mention,0.5
bankofengland,PM_Holmes,mention,0.5
bankofengland,JustineDarling3,mention,0.5
bankofengland,JulietBlaxland,mention,0.5
bankofengland,EddieCapstick,mention,0.5
bankofengland,DJMarkMyers,mention,0.5
bankofengland,timmyvoe,mention,0.5
bankofengland,fha1000,mention,0.5
bankofengland,shishir_jha,mention,0.5
bankofengland,brucelauderdale,mention,0.5
bankofengland,phenelloyd,mention,0.5
bankofengland,MaryAnningRocks,mention,0.5
bankofengland,chronicleflask,mention,0.5
bankofengland,ruth_mottram,mention,0.5
bankofengland,AndyHunt83,mention,0.5
bankofengland,RobLeong1,mention,0.5
bankofengland,climate_earth,mention,0.5
bankofengland,palmertrees,mention,0.5
bankofengland,paulcoxon,mention,0.5
bankofengland,paulsw11,mention,0.5
bankofengland,nij_r,mention,0.5
bankofengland,thatkat,mention,0.5
bankofengland,GraemeBandeira,mention,0.5
bankofengland,DrScottJMcGrane,mention,0.5
bankofengland,OeeTran,mention,0.5
bankofengland,LaganClaire,mention,0.5
bankofengland,EmilyJaneReed,mention,0.5
bankofengland,LoveWapping,mention,0.5
bankofengland,RichardDisney,mention,0.5
bankofengland,CSharpWords,mention,0.5
bankofengland,Grimwood2306,mention,0.5
bankofengland,stuart_smiles,mention,0.5
bankofengland,Mark_Hartshorne,mention,0.5
bankofengland,psalmotoxin,mention,0.5
bankofengland,markydeedrop,mention,0.5
bankofengland,AdamFrankenberg,mention,0.5
bankofengland,Jon_Restell,mention,0.5
bankofengland,thronesaddict19,mention,0.5
bankofengland,lee_owen1976,mention,0.5
bankofengland,grahamfarmelo,mention,0.5
bankofengland,BrianCathcart,mention,0.5
bankofengland,IdrisDragon,mention,0.5
bankofengland,MANDARINLEISURE,mention,0.5
bankofengland,safc4ever,mention,0.5
bankofengland,shanemcinnes,mention,0.5
bankofengland,droftes,mention,0.5
bankofengland,RatherRyan,mention,0.5
bankofengland,DrRiart,mention,0.5
bankofengland,LivUni,mention,0.5
bankofengland,UniversityLeeds,mention,0.5
bankofengland,ucl,mention,0.5
bankofengland,unisouthampton,mention,0.5
bankofengland,warwickuni,mention,0.5
bankofengland,MaryUYSEG,mention,0.5
bankofengland,UniofNewcastle,mention,0.5
bankofengland,durham_uni,mention,0.5
bankofengland,UniofReading,mention,0.5
bankofengland,AstonUniversity,mention,0.5
bankofengland,UniOfYork,mention,0.5
bankofengland,SOAS,mention,0.5
bankofengland,WombatSocialist,mention,0.5
bankofengland,BBCNewsround,mention,0.5
bankofengland,FinStbBoard,mention,0.5
bankofengland,EconClubNY,mention,0.5
bankofengland,WyrdMother,mention,0.5
bankofengland,LoveBattersea1,mention,0.5
bankofengland,Doug14224,mention,0.5
bankofengland,CastCapo,mention,0.5
bankofengland,StevieJD77,mention,0.5
bankofengland,joshuappreilly,mention,0.5
bankofengland,BillHolland84,mention,0.5
bankofengland,ourrachblogs,mention,0.5
bankofengland,TheXentertainer,mention,0.5
bankofengland,antiquestwins,mention,0.5
bankofengland,RikkiKimpton,mention,0.5
bankofengland,Michael_Dunn4,mention,0.5
bankofengland,jamesmarkellis,mention,0.5
bankofengland,HuwSayer,mention,0.5
bankofengland,adrianadastra,mention,0.5
bankofengland,dcbostonscouts,mention,0.5
bankofengland,marcbeckett,mention,0.5
bankofengland,k_miall,mention,0.5
bankofengland,jackdeegan94,mention,0.5
bankofengland,lardarz,mention,0.5
bankofengland,annakrees,mention,0.5
bankofengland,Sean_O_Tron,mention,0.5
bankofengland,e_eshn,mention,0.5
bankofengland,Crazybigredinni,mention,0.5
bankofengland,seakva,mention,0.5
bankofengland,bodleianlibs,mention,0.5
bankofengland,Chris8366,mention,0.5
bankofengland,JamesMarritt,mention,0.5
bankofengland,CityUniLondon,mention,0.5
bankofengland,Bruneluni,mention,0.5
bankofengland,UofGlasgow,mention,0.5
bankofengland,uniofleicester,mention,0.5
bankofengland,EdinburghUni,mention,0.5
bankofengland,LancasterUni,mention,0.5
bankofengland,UniWestminster,mention,0.5
bankofengland,cardiffuni,mention,0.5
bankofengland,Uni_of_Essex,mention,0.5
bankofengland,UniofBath,mention,0.5
bankofengland,djallbury,mention,0.5
bankofengland,tomcounsell,mention,0.5
bankofengland,SmallwoodTrust,mention,0.5
bankofengland,InSpireWalworth,mention,0.5
bankofengland,HorizonsNouveau,mention,0.5
bankofengland,appleofeyes66,mention,0.5
bankofengland,theBBBAwards,mention,0.5
bankofengland,Hengle_Bengle,mention,0.5
bankofengland,markylon,mention,0.5
bankofengland,JeremyKeller9,mention,0.5
bankofengland,julestheitguy,mention,0.5
bankofengland,Frequent_nomad,mention,0.5
bankofengland,riall7s,mention,0.5
bankofengland,alexdc21,mention,0.5
bankofengland,xXxXPuNKDXxXx,mention,0.5
bankofengland,chrisprodromou,mention,0.5
bankofengland,Offramp_tavanip,mention,0.5
bankofengland,darioperkins,mention,0.5
bankofengland,GlassdoorUK,mention,0.5
bankofengland,trevorhindson,mention,0.5
bankofengland,WombleMedic83,mention,0.5
bankofengland,listen_to_alex,mention,0.5
bankofengland,hiyorihm,mention,0.5
bankofengland,princessracheli,mention,0.5
bankofengland,Danjm1987,mention,0.5
bankofengland,basusoum,mention,0.5
bankofengland,TJSalim,mention,0.5
bankofengland,JayWill61251845,mention,0.5
bankofengland,FeliciaOgilby,mention,0.5
bankofengland,StarkieK,mention,0.5
bankofengland,samaritans,mention,0.5
bankofengland,MartinVogtPhoto,mention,0.5
bankofengland,ewingliam,mention,0.5
bankofengland,doddytyke,mention,0.5
bankofengland,JackJackProduct,mention,0.5
bankofengland,RangeHighSch,mention,0.5
bankofengland,LynneMinett,mention,0.5
bankofengland,SamuelHudd,mention,0.5
bankofengland,stepherswalton,mention,0.5
bankofengland,KieraHP12,mention,0.5
bankofengland,manwithfishhead,mention,0.5
bankofengland,Franfrinmusic,mention,0.5
bankofengland,sree,mention,0.5
bankofengland,Peston,mention,0.5
bankofengland,MorrisseyHelena,mention,0.5
bankofengland,RexLondon,mention,0.5
bankofengland,allowme,mention,0.5
bankofengland,NewsDude,mention,0.5
bankofengland,swiggle_muffin,mention,0.5
bankofengland,BerkeleyBrett,mention,0.5
bankofengland,beatledave,mention,0.5
bankofengland,fawcettsociety,mention,0.5
bankofengland,Primal_Rach,mention,0.5
bankofengland,NishkamCentre,mention,0.5
bankofengland,JohnDisco1,mention,0.5
bankofengland,GarethWatkins9,mention,0.5
bankofengland,Scorhill,mention,0.5
bankofengland,WFMuseums,mention,0.5
bankofengland,karlwilding,mention,0.5
bankofengland,benefacto,mention,0.5
bankofengland,Maggie55415765,mention,0.5
bankofengland,ladyrare1,mention,0.5
bankofengland,janieg33,mention,0.5
bankofengland,AgeUKGlos,mention,0.5
bankofengland,LighthouseTheat,mention,0.5
bankofengland,tombell01,mention,0.5
bankofengland,JADMiddy,mention,0.5
bankofengland,charlieukm,mention,0.5
bankofengland,riksbanken,mention,0.5
bankofengland,WhatLisaLoves80,mention,0.5
bankofengland,MandGProf,mention,0.5
bankofengland,NewYorkFed,mention,0.5
bankofengland,nfergus,mention,0.5
bankofengland,youngenterprise,mention,0.5
bankofengland,EAtkin,mention,0.5
bankofengland,Monsieur_Monty,mention,0.5
bankofengland,slippers_on,mention,0.5
bankofengland,kelle_hansman,mention,0.5
bankofengland,Cyberchallenge,mention,0.5
bankofengland,ujwaliofficial,mention,0.5
bankofengland,TeachFirst,mention,0.5
bankofengland,Bobby_Seagull,mention,0.5
bankofengland,Bravehearted15,mention,0.5
bankofengland,Helen88Shaw,mention,0.5
bankofengland,PSHEassociation,mention,0.5
bankofengland,belfastEmpire,mention,0.5
bankofengland,lucykellaway,mention,0.5
bankofengland,JodyCannon1,mention,0.5
bankofengland,Nikki3_G,mention,0.5
bankofengland,plasticoceans,mention,0.5
bankofengland,nataliefee,mention,0.5
bankofengland,LondonMarathon,mention,0.5
bankofengland,cbukhelp,mention,0.5
bankofengland,PatBerWA,mention,0.5
bankofengland,krissulli,mention,0.5
bankofengland,WalkTheLinesLDN,mention,0.5
bankofengland,SamanthaQuek,mention,0.5
bankofengland,billybragg,mention,0.5
bankofengland,SpiritofJD,mention,0.5
bankofengland,transferwise,mention,0.5
bankofengland,FasterPayments,mention,0.5
bankofengland,AnalyticaCeline,mention,0.5
bankofengland,badperm,mention,0.5
bankofengland,RobinsonThom,mention,0.5
bankofengland,HRH_TheQueen,mention,0.5
bankofengland,jacksibs,mention,0.5
bankofengland,NobbyAl88,mention,0.5
bankofengland,erobererr,mention,0.5
bankofengland,BrianAddison75,mention,0.5
bankofengland,PennySweetz,mention,0.5
bankofengland,paulswaby00,mention,0.5
bankofengland,bowtiesrcool24,mention,0.5
bankofengland,darkarmy730,mention,0.5
bankofengland,agescotland,mention,0.5
bankofengland,Azizur,mention,0.5
bankofengland,achmadsaleh97,mention,0.5
bankofengland,actionfrauduk,mention,0.5
bankofengland,G_Pavlou,mention,0.5
bankofengland,jaynerainey,mention,0.5
bankofengland,niamhblackrock,mention,0.5
bankofengland,laaauurrreenn,mention,0.5
bankofengland,Ben_garrod,mention,0.5
bankofengland,IgorCale2306,mention,0.5
bankofengland,DeLaRuePlc,mention,0.5
bankofengland,NRAwards,mention,0.5
bankofengland,john_seto,mention,0.5
bankofengland,SamDavison96,mention,0.5
bankofengland,WRidehalgh,mention,0.5
bankofengland,mxlly_smxth,mention,0.5
bankofengland,martynsibley,mention,0.5
bankofengland,ElvisAlligatori,mention,0.5
bankofengland,FeyazaK,mention,0.5
bankofengland,EducationShow,mention,0.5
bankofengland,ThistleyHough,mention,0.5
bankofengland,StaffsChambers,mention,0.5
bankofengland,DeeBart81,mention,0.5
bankofengland,SophiaCannon,mention,0.5
bankofengland,notNKspy,mention,0.5
bankofengland,notlobeel,mention,0.5
bankofengland,granttiller,mention,0.5
bankofengland,FedeGrilli,mention,0.5
bankofengland,tuczko,mention,0.5
bankofengland,NicDimond,mention,0.5
bankofengland,DameEvelyn,mention,0.5
bankofengland,imperialcollege,mention,0.5
bankofengland,UniStrathclyde,mention,0.5
bankofengland,wbs,mention,0.5
bankofengland,jeffddjames,mention,0.5
bankofengland,speakrs4schools,mention,0.5
bankofengland,BpoolCouncil,mention,0.5
bankofengland,AbbeyCassidy4,mention,0.5
bankofengland,srivrajesh,mention,0.5
bankofengland,housetoastonish,mention,0.5
bankofengland,XFchemist,mention,0.5
bankofengland,KimmyJ87,mention,0.5
bankofengland,joannedarcy,mention,0.5
bankofengland,b_and_fc,mention,0.5
bankofengland,Grandnes,mention,0.5
bankofengland,impyinc,mention,0.5
bankofengland,justfinancefdn,mention,0.5
bankofengland,VirginMoney,mention,0.5
bankofengland,robert_allinson,mention,0.5
bankofengland,esgarchitect,mention,0.5
bankofengland,Earlosnicho,mention,0.5
bankofengland,JSHNRTH,mention,0.5
bankofengland,MarkMil81896513,mention,0.5
bankofengland,Calder_High,mention,0.5
bankofengland,MattS_14,mention,0.5
bankofengland,kj_emm,mention,0.5
bankofengland,mikaelmilhoj,mention,0.5
bankofengland,Caralouise94,mention,0.5
bankofengland,Jennhay_7,mention,0.5
bankofengland,SirAlexHarris,mention,0.5
bankofengland,NambuGoto,mention,0.5
bankofengland,FrancesOGrady,mention,0.5
bankofengland,The_TUC,mention,0.5
bankofengland,thesnowdens,mention,0.5
bankofengland,LandlordCasey,mention,0.5
bankofengland,edballs,mention,0.5
bankofengland,nesan31nesan,mention,0.5
bankofengland,nikkymakes,mention,0.5
bankofengland,nolli15,mention,0.5
bankofengland,SummerInaya,mention,0.5
bankofengland,SharifFarag,mention,0.5
bankofengland,Saq5000,mention,0.5
bankofengland,SirQuinno,mention,0.5
bankofengland,zigismom,mention,0.5
bankofengland,HavenHouseCH,mention,0.5
bankofengland,macmillancancer,mention,0.5
bankofengland,houghhough,mention,0.5
bankofengland,nickbailey317,mention,0.5
bankofengland,lesleyasom,mention,0.5
bankofengland,Try7002,mention,0.5
bankofengland,bitcoin_mcr,mention,0.5
bankofengland,GabrielSterne,mention,0.5
bankofengland,FSB_TCFD,mention,0.5
bankofengland,jujitsu10,mention,0.5
bankofengland,AdamTempest,mention,0.5
bankofengland,pradeepCANTAB,mention,0.5
bankofengland,NessaWS,mention,0.5
bankofengland,DameStephanie_,mention,0.5
bankofengland,ClaireDecoded,mention,0.5
bankofengland,LSEplc,mention,0.5
bankofengland,GarrickHileman,mention,0.5
bankofengland,MarkFoxNews,mention,0.5
bankofengland,FinanceJames,mention,0.5
bankofengland,walutkursy,mention,0.5
bankofengland,CRESTadvocate,mention,0.5
bankofengland,Alan_Measles,mention,0.5
bankofengland,REXshopper,mention,0.5
bankofengland,PinkGiraffePty,mention,0.5
bankofengland,ellalovessassa1,mention,0.5
bankofengland,MediaGrrl1,mention,0.5
bankofengland,em_hank7,mention,0.5
bankofengland,benholmes77,mention,0.5
bankofengland,GagandeepRoy1,mention,0.5
bankofengland,rethinkecon,mention,0.5
bankofengland,ward_steph,mention,0.5
bankofengland,NewcastleNE1Can,mention,0.5
bankofengland,Dr_MatthewSwann,mention,0.5
bankofengland,AjayTarper,mention,0.5
bankofengland,potadohs,mention,0.5
bankofengland,oxfamgbpolicy,mention,0.5
bankofengland,ranvir01,mention,0.5
bankofengland,RJDG87,mention,0.5
bankofengland,RBS_Help,mention,0.5
bankofengland,TheGreenOrg,mention,0.5
bankofengland,codermay,mention,0.5
bankofengland,dokun24,mention,0.5
bankofengland,morqon,mention,0.5
bankofengland,ThomasWright95,mention,0.5
bankofengland,AdamSandiford_1,mention,0.5
bankofengland,BillRus50197276,mention,0.5
bankofengland,NeutralEnzyme,mention,0.5
bankofengland,QMUL,mention,0.5
bankofengland,EFazale,mention,0.5
bankofengland,valeria5a,mention,0.5
bankofengland,keithbook4,mention,0.5
bankofengland,pennysfromWales,mention,0.5
bankofengland,CuddlyMcCuddles,mention,0.5
bankofengland,oscarbg95,mention,0.5
bankofengland,DarrenBr00ks,mention,0.5
bankofengland,Agillespie1990,mention,0.5
bankofengland,mattskiC,mention,0.5
bankofengland,UniKent,mention,0.5
bankofengland,UniWestLondon,mention,0.5
bankofengland,Barrister_Baig,mention,0.5
bankofengland,ThCityandBeauty,mention,0.5
bankofengland,Chain,mention,0.5
bankofengland,mindbridge_ai,mention,0.5
bankofengland,NTT_DATA_UK,mention,0.5
bankofengland,dreasoning,mention,0.5
bankofengland,TomElford3,mention,0.5
bankofengland,edwardverity,mention,0.5
bankofengland,LucilleMackay1,mention,0.5
bankofengland,HNicholson3,mention,0.5
bankofengland,eifs_cymru,mention,0.5
bankofengland,GRANNYMUGGER,mention,0.5
bankofengland,AskNationwide,mention,0.5
bankofengland,thecarbontrust,mention,0.5
bankofengland,uniofeastanglia,mention,0.5
bankofengland,RoyalMintMuseum,mention,0.5
bankofengland,CarpeZytha,mention,0.5
bankofengland,day_x,mention,0.5
bankofengland,Paulyisme,mention,0.5
bankofengland,UniofExeter,mention,0.5
bankofengland,UniofGreenwich,mention,0.5
bankofengland,digvijay131,mention,0.5
bankofengland,hurryupwerlate,mention,0.5
bankofengland,heleneo1,mention,0.5
bankofengland,Ryan_Jones88,mention,0.5
bankofengland,CandlelightersT,mention,0.5
bankofengland,TheWiganParky,mention,0.5
bankofengland,_paddy_1300,mention,0.5
bankofengland,BookBesotted,mention,0.5
bankofengland,r_condy,mention,0.5
bankofengland,J_L_Underwood,mention,0.5
bankofengland,DadAndTwo,mention,0.5
bankofengland,libby_fayee,mention,0.5
bankofengland,BTGroup,mention,0.5
bankofengland,glenweyl,mention,0.5
bankofengland,MarkScott,mention,0.5
bankofengland,ESlibrarian,mention,0.5
bankofengland,UniOfSurrey,mention,0.5
bankofengland,moldovia,mention,0.5
bankofengland,Ralfy74,mention,0.5
bankofengland,SleepyDrunkDan,mention,0.5
bankofengland,lborouniversity,mention,0.5
bankofengland,Citi,mention,0.5
bankofengland,paulp9846,mention,0.5
bankofengland,AdamPosen,mention,0.5
bankofengland,macmillancoffee,mention,0.5
bankofengland,Myle_L_V,mention,0.5
bankofengland,RBAInfo,mention,0.5
bankofengland,unibirmingham,mention,0.5
bankofengland,jasonwarrender,mention,0.5
bankofengland,sophiedora,mention,0.5
bankofengland,AdairTurner,mention,0.5
bankofengland,Cassbusiness,mention,0.5
bankofengland,darlotony,mention,0.5
bankofengland,SamMacIntosh,mention,0.5
bankofengland,terryjwilding,mention,0.5
bankofengland,wiggywiggy,mention,0.5
bankofengland,Lukec720,mention,0.5
bankofengland,AlexPurwar,mention,0.5
bankofengland,The19Doors,mention,0.5
bankofengland,tlm_1,mention,0.5
bankofengland,DMoulsdale86,mention,0.5
bankofengland,fatimad123,mention,0.5
bankofengland,Greg_LW,mention,0.5
bankofengland,188693,mention,0.5
bankofengland,mfarmersmarket,mention,0.5
bankofengland,MichZiff,mention,0.5
bankofengland,NikkiWheelerUK,mention,0.5
bankofengland,cgledhill,mention,0.5
bankofengland,yoncesharry,mention,0.5
bankofengland,Jill02796099,mention,0.5
bankofengland,JeromeDavies1,mention,0.5
bankofengland,TimeOutLondon,mention,0.5
bankofengland,D34NTR4P,mention,0.5
bankofengland,yoriber,mention,0.5
bankofengland,PhattGreg,mention,0.5
bankofengland,deltadec1,mention,0.5
bankofengland,thedimmick,mention,0.5
bankofengland,balahl,mention,0.5
bankofengland,WinCathedral,mention,0.5
bankofengland,chunkie13,mention,0.5
bankofengland,chequeandcredit,mention,0.5
bankofengland,realstressless,mention,0.5
bankofengland,tweetnostalgia1,mention,0.5
bankofengland,tynewrc,mention,0.5
bankofengland,audiF1,mention,0.5
bankofengland,aussieDAS,mention,0.5
bankofengland,itspaulmcgroovy,mention,0.5
bankofengland,dariadoes,mention,0.5
bankofengland,MaxFassbrause,mention,0.5
bankofengland,NiallGlynn,mention,0.5
bankofengland,ANEMPTYTHREAT,mention,0.5
bankofengland,AdamJCornett,mention,0.5
bankofengland,KG_photos,mention,0.5
bankofengland,HazzyP83,mention,0.5
bankofengland,YEGONKIPKEMOI,mention,0.5
bankofengland,hausofrebecca,mention,0.5
bankofengland,mrgarryh,mention,0.5
bankofengland,JanSwatridge,mention,0.5
bankofengland,DP_TomR,mention,0.5
bankofengland,Modern_Lockey,mention,0.5
bankofengland,TheSharmz,mention,0.5
bankofengland,HelenGavaghan,mention,0.5
bankofengland,Ben_2198,mention,0.5
bankofengland,gaijingal,mention,0.5
bankofengland,JMurray804,mention,0.5
bankofengland,georgekbrown,mention,0.5
bankofengland,juliagoolia1982,mention,0.5
bankofengland,ILiveMovies,mention,0.5
bankofengland,VesperUK,mention,0.5
bankofengland,GOVUK,mention,0.5
bankofengland,WillDSaunders,mention,0.5
bankofengland,Asheboy,mention,0.5
bankofengland,Experimentus,mention,0.5
bankofengland,cdlxls,mention,0.5
bankofengland,Archoxfordshire,mention,0.5
bankofengland,TanDhesi,mention,0.5
bankofengland,guerra_newton,mention,0.5
bankofengland,UKParliament,mention,0.5
bankofengland,MESandbu,mention,0.5
bankofengland,ayguldiscovers,mention,0.5
bankofengland,themurrays12,mention,0.5
bankofengland,CoinParade,mention,0.5
bankofengland,brendonconnelly,mention,0.5
bankofengland,cardelium,mention,0.5
bankofengland,v_markovnikov,mention,0.5
bankofengland,antonywambua0,mention,0.5
bankofengland,MattMKing,mention,0.5
bankofengland,thedomjackson,mention,0.5
bankofengland,MaxiWid,mention,0.5
bankofengland,BlueCabsBand,mention,0.5
bankofengland,keefeglise,mention,0.5
bankofengland,mu_naveed,mention,0.5
bankofengland,ThePSR,mention,0.5
bankofengland,Jon_the_Deacon,mention,0.5
bankofengland,MT_editorial,mention,0.5
bankofengland,BshayerAlMuftah,mention,0.5
bankofengland,Hamishckay1,mention,0.5
bankofengland,rayvahey,mention,0.5
bankofengland,ugprophet,mention,0.5
bankofengland,LBS,mention,0.5
bankofengland,andyphiggins,mention,0.5
bankofengland,stewhampton,mention,0.5
bankofengland,econhedge,mention,0.5
bankofengland,pgiannop,mention,0.5
bankofengland,BensBotanics,mention,0.5
bankofengland,joertmclark,mention,0.5
bankofengland,karendwild,mention,0.5
bankofengland,MagicMeArts,mention,0.5
bankofengland,whitechapelmiss,mention,0.5
bankofengland,FoTHCP,mention,0.5
bankofengland,spitz_cityfarm,mention,0.5
bankofengland,SchoolGovNet,mention,0.5
bankofengland,saropph,mention,0.5
bankofengland,Sharpleyactive,mention,0.5
bankofengland,kingstreetimage,mention,0.5
bankofengland,jakwaz,mention,0.5
bankofengland,paowong1,mention,0.5
bankofengland,23scouse,mention,0.5
bankofengland,goldenanton,mention,0.5
bankofengland,Hajayam,mention,0.5
bankofengland,wilscot_,mention,0.5
bankofengland,ahmedalgomiah,mention,0.5
bankofengland,LadyNomes,mention,0.5
bankofengland,GOSH_School,mention,0.5
bankofengland,PinguReilly,mention,0.5
bankofengland,McgoughKieran,mention,0.5
bankofengland,Michelle_N_20,mention,0.5
bankofengland,2ndthoughttank,mention,0.5
bankofengland,5Phillips,mention,0.5
bankofengland,EmmaJanePreston,mention,0.5
bankofengland,Soozie03,mention,0.5
bankofengland,HuggablyGothic,mention,0.5
bankofengland,ASykes67,mention,0.5
bankofengland,Yan1Lee,mention,0.5
bankofengland,Lambrettaman6,mention,0.5
bankofengland,Heathyheath_,mention,0.5
bankofengland,UkThom,mention,0.5
bankofengland,karldrinkwater,mention,0.5
bankofengland,dogs_ear003,mention,0.5
bankofengland,cpotterjourno,mention,0.5
bankofengland,AmitP327,mention,0.5
bankofengland,ItsMeAgainBradA,mention,0.5
bankofengland,ikysmom,mention,0.5
bankofengland,EarpyM,mention,0.5
bankofengland,louswann,mention,0.5
bankofengland,DunelmUK,mention,0.5
bankofengland,naresh6sn,mention,0.5
bankofengland,stewpot666,mention,0.5
bankofengland,christie_mxx,mention,0.5
bankofengland,tubbyeu175,mention,0.5
bankofengland,2004Kane,mention,0.5
bankofengland,exponytailpaul,mention,0.5
bankofengland,_hammerbear,mention,0.5
bankofengland,financecyprus,mention,0.5
bankofengland,el_shellay,mention,0.5
bankofengland,hebdeezi23,mention,0.5
bankofengland,LorraineJohnson,mention,0.5
bankofengland,widowmac11,mention,0.5
bankofengland,vintage2_V2,mention,0.5
bankofengland,JulianPanico,mention,0.5
bankofengland,twold2tweet,mention,0.5
bankofengland,JasonViral,mention,0.5
bankofengland,RoyMezzanine1,mention,0.5
bankofengland,nickyvadera,mention,0.5
bankofengland,gemandmoll,mention,0.5
bankofengland,Petethecrow,mention,0.5
bankofengland,veganwelshgirl,mention,0.5
bankofengland,P_Chazza,mention,0.5
bankofengland,emmaba88,mention,0.5
bankofengland,Maybegoodenuf,mention,0.5
bankofengland,naturesgreat,mention,0.5
bankofengland,KirstieSnow,mention,0.5
bankofengland,olearybridget,mention,0.5
bankofengland,cpc61,mention,0.5
bankofengland,sffed,mention,0.5
bankofengland,Stephen_Barry,mention,0.5
bankofengland,CBrotheridge,mention,0.5
bankofengland,SusieGFSH,mention,0.5
bankofengland,keyesdotcom,mention,0.5
bankofengland,Resh_Twitoor,mention,0.5
bankofengland,oldmorganian,mention,0.5
bankofengland,AshleighGerman,mention,0.5
bankofengland,MeatFreeFoodie,mention,0.5
bankofengland,Vez1972,mention,0.5
bankofengland,JossLyonsWhite,mention,0.5
bankofengland,bgeron,mention,0.5
bankofengland,TweetEco,mention,0.5
bankofengland,SSJBMUFC,mention,0.5
bankofengland,DidymusBrush,mention,0.5
bankofengland,positivelyJen,mention,0.5
bankofengland,TimesONeill,mention,0.5
bankofengland,HenryStantonGP,mention,0.5
bankofengland,ConsueloEtty,mention,0.5
bankofengland,jennamarieT,mention,0.5
bankofengland,AlexHale1,mention,0.5
bankofengland,FloraMcnerney,mention,0.5
bankofengland,WalkerWorcester,mention,0.5
bankofengland,ctelf1983,mention,0.5
bankofengland,TobyDurkin69,mention,0.5
bankofengland,OPFUK,mention,0.5
bankofengland,BlavatnikSchool,mention,0.5
bankofengland,nick4mony,mention,0.5
bankofengland,domvauxbiscombe,mention,0.5
bankofengland,Dogwashbewdley,mention,0.5
bankofengland,dek_g,mention,0.5
bankofengland,IainDale,mention,0.5
bankofengland,LBC,mention,0.5
bankofengland,The_Andy_Goode,mention,0.5
bankofengland,Brannigand,mention,0.5
bankofengland,Mabbannerman,mention,0.5
bankofengland,Syenta1,mention,0.5
bankofengland,create_jim,mention,0.5
bankofengland,Lizian,mention,0.5
bankofengland,TplusZero,mention,0.5
bankofengland,delboy1978uk,mention,0.5
bankofengland,terryhill26,mention,0.5
bankofengland,Marionphoto,mention,0.5
bankofengland,HerbChapman,mention,0.5
bankofengland,JackiHicks,mention,0.5
bankofengland,ginag287,mention,0.5
bankofengland,AOlivant,mention,0.5
bankofengland,Qamar_110,mention,0.5
bankofengland,rjwakeman,mention,0.5
bankofengland,beaumer,mention,0.5
bankofengland,sapxhp,mention,0.5
bankofengland,HJA47,mention,0.5
bankofengland,Names_nicco,mention,0.5
bankofengland,PHGCleaning,mention,0.5
bankofengland,Littlestar1979,mention,0.5
bankofengland,jamesDsibley,mention,0.5
bankofengland,1anMackie,mention,0.5
bankofengland,Zaxx2,mention,0.5
bankofengland,sumqureshi,mention,0.5
bankofengland,DecluttrMe,mention,0.5
bankofengland,jereth_samson,mention,0.5
bankofengland,PaulWoody69,mention,0.5
bankofengland,healthymindscpd,mention,0.5
bankofengland,dcpinternet,mention,0.5
bankofengland,JGMills123,mention,0.5
bankofengland,BPringle13,mention,0.5
bankofengland,Tim_Wallace,mention,0.5
bankofengland,MLClem,mention,0.5
bankofengland,colin93f,mention,0.5
bankofengland,ahatami,mention,0.5
bankofengland,assettv,mention,0.5
bankofengland,SmartCBusiness,mention,0.5
bankofengland,PhilAldrick,mention,0.5
bankofengland,cloudyip,mention,0.5
bankofengland,dan_hinge,mention,0.5
bankofengland,bealson30,mention,0.5
bankofengland,david_milliken,mention,0.5
bankofengland,RajFX10,mention,0.5
bankofengland,masplawn,mention,0.5
bankofengland,bauhiniacapital,mention,0.5
bankofengland,t0nyyates,mention,0.5
bankofengland,ERAFinancialReg,mention,0.5
bankofengland,Econdixon,mention,0.5
bankofengland,NeilDance,mention,0.5
bankofengland,beanychan,mention,0.5
bankofengland,chegejay_,mention,0.5
bankofengland,ed_kaye,mention,0.5
bankofengland,watson1205,mention,0.5
bankofengland,Anomali,mention,0.5
bankofengland,26Gould,mention,0.5
bankofengland,angrycubeian,mention,0.5
bankofengland,holamill,mention,0.5
bankofengland,smythpic,mention,0.5
bankofengland,rogueactuary,mention,0.5
bankofengland,NiceKalev,mention,0.5
bankofengland,Newt_Othis,mention,0.5
bankofengland,jeff_106,mention,0.5
bankofengland,CPicassoPD,mention,0.5
bankofengland,thatborjadguy,mention,0.5
bankofengland,AnthonyRishton,mention,0.5
bankofengland,Nataliejxxx3,mention,0.5
bankofengland,BiffaBacon1,mention,0.5
bankofengland,smoulderstoat,mention,0.5
bankofengland,elinwhopkins,mention,0.5
bankofengland,kazyann67,mention,0.5
bankofengland,clairestefanie,mention,0.5
bankofengland,davies_keaton,mention,0.5
bankofengland,ahonestmouthful,mention,0.5
bankofengland,GonzoFinance,mention,0.5
bankofengland,KarinaGregory85,mention,0.5
bankofengland,myotubulartrust,mention,0.5
bankofengland,4Lilyfoundation,mention,0.5
bankofengland,leona_crancher,mention,0.5
bankofengland,LJMU,mention,0.5
bankofengland,PLeetham,mention,0.5
bankofengland,Southcoastphil,mention,0.5
bankofengland,CalumCrichton,mention,0.5
bankofengland,shaneymacus,mention,0.5
bankofengland,irena1500,mention,0.5
bankofengland,dougmaw,mention,0.5
bankofengland,KatieAntippas,mention,0.5
bankofengland,amishpatel90,mention,0.5
bankofengland,dsquareddigest,mention,0.5
bankofengland,ethanradd,mention,0.5
bankofengland,AnneFairweather,mention,0.5
bankofengland,bastianwi,mention,0.5
bankofengland,mdbaccardax,mention,0.5
bankofengland,Thunderoad75,mention,0.5
bankofengland,Jools_Orca,mention,0.5
bankofengland,Dystopic101,mention,0.5
bankofengland,belfire86,mention,0.5
bankofengland,kat_beauchamp,mention,0.5
bankofengland,EALTurner,mention,0.5
bankofengland,Janumiah1,mention,0.5
bankofengland,sophbags,mention,0.5
bankofengland,christudball,mention,0.5
bankofengland,LeeSmithbaker,mention,0.5
bankofengland,Donny_Vito,mention,0.5
bankofengland,Dr_DavidRussell,mention,0.5
bankofengland,The_MrsH,mention,0.5
